{
    "rmse": 0.7191050648744693,
    "mae": 0.5907059594776091,
    "r2": 0.07073280314369645
}