{
    "rmse": 0.7178452624786027,
    "mae": 0.5912355836597564,
    "r2": 0.07398592324463005
}